{"cameraMode":{"drawMode":0,"name":"Shaded","section":"Shading Mode"},"sceneLighting":false,"audioPlay":false,"sceneViewState":{"showFog":false,"showMaterialUpdate":false,"showSkybox":false,"showFlares":false,"showImageEffects":false,"showParticleSystems":true},"in2DMode":false,"pivot":{"x":44.900001525878909,"y":0.19999998807907105,"z":20.89999771118164},"rotation":{"x":0.012164520099759102,"y":-0.6911489367485046,"z":0.01160058006644249,"w":0.7225476503372192},"size":283.2415771484375,"orthographic":false}