{"cameraMode":{"drawMode":0,"name":"Shaded","section":"Shading Mode"},"sceneLighting":false,"audioPlay":false,"sceneViewState":{"showFog":false,"showMaterialUpdate":false,"showSkybox":false,"showFlares":false,"showImageEffects":false,"showParticleSystems":true},"in2DMode":false,"pivot":{"x":40.32628631591797,"y":8.232454299926758,"z":21.28862762451172},"rotation":{"x":0.37645918130874636,"y":-0.435806542634964,"z":0.20746685564517976,"w":0.7907865047454834},"size":2.8578836917877199,"orthographic":false}