{"cameraMode":{"drawMode":0,"name":"Shaded","section":"Shading Mode"},"sceneLighting":true,"audioPlay":false,"sceneViewState":{"showFog":false,"showMaterialUpdate":false,"showSkybox":false,"showFlares":false,"showImageEffects":false,"showParticleSystems":true},"in2DMode":false,"pivot":{"x":47.33793640136719,"y":-14.240646362304688,"z":7.781894683837891},"rotation":{"x":0.5027709603309631,"y":0.006750850938260555,"z":-0.0039264727383852009,"w":0.864403486251831},"size":111.89994812011719,"orthographic":false}